backend,image_dim,filter_dim,padding,median_ms,status,samples_ms,gpu,detail
pytorch,16,3,1,0.04915200173854828,ok,"[0.05734400078654289, 0.04947200044989586, 0.048928000032901764, 0.0480320006608963, 0.04899200052022934, 0.04896000027656555, 0.04915200173854828, 0.048767998814582825, 0.04915200173854828, 0.04915200173854828, 0.04915200173854828, 0.04966399818658829, 0.049247998744249344, 0.04870399832725525, 0.04915200173854828, 0.04899200052022934, 0.04915200173854828, 0.04806400090456009, 0.04915200173854828, 0.04902400076389313]",Quadro RTX 4000,
inductor,16,3,1,0.01345600001513958,ok,"[0.01756799966096878, 0.01369599997997284, 0.012864000163972378, 0.012543999589979649, 0.013344000093638897, 0.013535999692976475, 0.013407999649643898, 0.013311999849975109, 0.012319999746978283, 0.014015999622642994, 0.013824000023305416, 0.01375999953597784, 0.013791999779641628, 0.013632000423967838, 0.013504000380635262, 0.01228800043463707, 0.012640000320971012, 0.012671999633312225, 0.013055999763309956, 0.014175999909639359]",Quadro RTX 4000,
jax,16,3,1,0.010239999741315842,ok,"[0.008704000152647495, 0.010239999741315842, 0.010239999741315842, 0.010239999741315842, 0.010239999741315842, 0.010304000228643417, 0.010239999741315842, 0.010239999741315842, 0.010239999741315842, 0.010239999741315842, 0.010239999741315842, 0.01027199998497963, 0.010239999741315842, 0.01033599954098463, 0.01142400037497282, 0.010432000271975994, 0.010400000028312206, 0.010432000271975994, 0.01056000031530857, 0.010400000028312206]",Quadro RTX 4000,
cuda,16,3,1,0.01068799989297986,ok,"[0.014271999709308147, 0.010239999741315842, 0.01071999967098236, 0.010816000401973724, 0.011711999773979187, 0.010879999957978725, 0.011552000418305397, 0.010239999741315842, 0.01033599954098463, 0.010304000228643417, 0.010432000271975994, 0.01065600011497736, 0.011392000131309032, 0.010239999741315842, 0.010495999827980995, 0.010367999784648418, 0.010784000158309937, 0.010816000401973724, 0.011487999930977821, 0.010239999741315842]",Quadro RTX 4000,
pytorch,32,3,1,0.051872000098228455,ok,"[0.0594559982419014, 0.05286400020122528, 0.051392000168561935, 0.052671998739242554, 0.05302400141954422, 0.051711998879909515, 0.0514880008995533, 0.052960000932216644, 0.051872000098228455, 0.051231998950242996, 0.05119999870657921, 0.051231998950242996, 0.05273599922657013, 0.05276799947023392, 0.05318399891257286, 0.051872000098228455, 0.051552001386880875, 0.0514880008995533, 0.051231998950242996, 0.053599998354911804]",Quadro RTX 4000,
inductor,32,3,1,0.016575999557971954,ok,"[0.020767999812960625, 0.016383999958634377, 0.017632000148296356, 0.016672000288963318, 0.016704000532627106, 0.016767999157309532, 0.016672000288963318, 0.01759999990463257, 0.01756799966096878, 0.01759999990463257, 0.016383999958634377, 0.016383999958634377, 0.01651199907064438, 0.016383999958634377, 0.01664000004529953, 0.016383999958634377, 0.016383999958634377, 0.016383999958634377, 0.016383999958634377, 0.016416000202298164]",Quadro RTX 4000,
jax,32,3,1,0.017088000662624836,ok,"[0.016383999958634377, 0.016383999958634377, 0.017184000462293625, 0.018015999346971512, 0.018271999433636665, 0.01833599992096424, 0.01648000068962574, 0.017632000148296356, 0.016704000532627106, 0.016383999958634377, 0.01692800037562847, 0.016543999314308167, 0.01724799908697605, 0.017920000478625298, 0.017216000705957413, 0.0180479995906353, 0.016383999958634377, 0.018144000321626663, 0.016992000862956047, 0.01651199907064438]",Quadro RTX 4000,
cuda,32,3,1,0.01196799986064434,ok,"[0.017535999417304993, 0.011935999616980553, 0.01228800043463707, 0.012000000104308128, 0.011872000060975552, 0.010784000158309937, 0.01228800043463707, 0.010879999957978725, 0.011680000461637974, 0.012256000190973282, 0.011648000217974186, 0.01228800043463707, 0.01071999967098236, 0.012256000190973282, 0.010816000401973724, 0.01206399966031313, 0.010784000158309937, 0.012223999947309494, 0.011776000261306763, 0.01228800043463707]",Quadro RTX 4000,
pytorch,64,3,1,0.0631839968264103,ok,"[0.07158400118350983, 0.06393600255250931, 0.06345599889755249, 0.06339199841022491, 0.06348799914121628, 0.06332799792289734, 0.06310400366783142, 0.06339199841022491, 0.06348799914121628, 0.062463998794555664, 0.06313599646091461, 0.062431998550891876, 0.06313599646091461, 0.06348799914121628, 0.061983998864889145, 0.06307200342416763, 0.06233600154519081, 0.06323199719190598, 0.062463998794555664, 0.0628800019621849]",Quadro RTX 4000,
inductor,64,3,1,0.02566399984061718,ok,"[0.029983999207615852, 0.024768000468611717, 0.02643200010061264, 0.025119999423623085, 0.025887999683618546, 0.025312000885605812, 0.02502400055527687, 0.025728000327944756, 0.026048000901937485, 0.025151999667286873, 0.02502400055527687, 0.02582399919629097, 0.0261439997702837, 0.02534399926662445, 0.025728000327944756, 0.02630399912595749, 0.025280000641942024, 0.024800000712275505, 0.025599999353289604, 0.02611199952661991]",Quadro RTX 4000,
jax,64,3,1,0.026623999699950218,ok,"[0.026016000658273697, 0.026623999699950218, 0.026496000587940216, 0.026623999699950218, 0.026623999699950218, 0.026623999699950218, 0.026528000831604004, 0.026623999699950218, 0.02643200010061264, 0.026623999699950218, 0.026623999699950218, 0.026655999943614006, 0.02643200010061264, 0.026623999699950218, 0.026623999699950218, 0.026528000831604004, 0.026623999699950218, 0.02643200010061264, 0.026528000831604004, 0.026528000831604004]",Quadro RTX 4000,
cuda,64,3,1,0.020672000013291836,ok,"[0.024447999894618988, 0.021503999829292297, 0.020640000700950623, 0.0208320003002882, 0.019168000668287277, 0.020479999482631683, 0.020800000056624413, 0.01945599913597107, 0.020576000213623047, 0.02054399996995926, 0.02070399932563305, 0.020479999482631683, 0.020864000543951988, 0.020800000056624413, 0.0208320003002882, 0.020896000787615776, 0.02054399996995926, 0.020479999482631683, 0.020479999482631683, 0.020800000056624413]",Quadro RTX 4000,
pytorch,16,7,3,0.053247999399900436,ok,"[0.06099199876189232, 0.05375999957323074, 0.053247999399900436, 0.053568001836538315, 0.05353600159287453, 0.053247999399900436, 0.053247999399900436, 0.05321599915623665, 0.05222399905323982, 0.053247999399900436, 0.053247999399900436, 0.053279999643564224, 0.05347200110554695, 0.05430399999022484, 0.053247999399900436, 0.05321599915623665, 0.0533440001308918, 0.05315199866890907, 0.05222399905323982, 0.053247999399900436]",Quadro RTX 4000,
inductor,16,7,3,0.0197759997099638,ok,"[0.024800000712275505, 0.01974399946630001, 0.020191999152302742, 0.018783999606966972, 0.020096000283956528, 0.018719999119639397, 0.020479999482631683, 0.018912000581622124, 0.020031999796628952, 0.018783999606966972, 0.019807999953627586, 0.01945599913597107, 0.019872000440955162, 0.019360000267624855, 0.019680000841617584, 0.020479999482631683, 0.019711999222636223, 0.020320000126957893, 0.019071999937295914, 0.020128000527620316]",Quadro RTX 4000,
jax,16,7,3,0.01635199971497059,ok,"[0.015776000916957855, 0.0163199994713068, 0.01616000011563301, 0.016383999958634377, 0.016095999628305435, 0.016224000602960587, 0.016383999958634377, 0.016416000202298164, 0.016224000602960587, 0.016383999958634377, 0.016383999958634377, 0.016416000202298164, 0.015135999768972397, 0.016416000202298164, 0.016127999871969223, 0.016383999958634377, 0.016383999958634377, 0.0163199994713068, 0.016063999384641647, 0.01759999990463257]",Quadro RTX 4000,
cuda,16,7,3,0.03267199918627739,ok,"[0.03497600182890892, 0.03276799991726875, 0.03276799991726875, 0.03235200047492981, 0.032416000962257385, 0.03167999908328056, 0.0326399989426136, 0.03145600110292435, 0.032735999673604965, 0.03276799991726875, 0.032416000962257385, 0.03276799991726875, 0.032575998455286026, 0.03136000037193298, 0.03276799991726875, 0.03270399942994118, 0.03276799991726875, 0.032287999987602234, 0.03276799991726875, 0.03232000023126602]",Quadro RTX 4000,
pytorch,32,7,3,0.08443200215697289,ok,"[0.08595199882984161, 0.08416000008583069, 0.08537600189447403, 0.0841279998421669, 0.08483199775218964, 0.08393599838018417, 0.08579199761152267, 0.08499199897050858, 0.08396799862384796, 0.08521600067615509, 0.08403199911117554, 0.0843840017914772, 0.08425600081682205, 0.08396799862384796, 0.08505599945783615, 0.08428800106048584, 0.08448000252246857, 0.08396799862384796, 0.0854400023818016, 0.08502399921417236]",Quadro RTX 4000,
inductor,32,7,3,0.03137600049376488,ok,"[0.03699199855327606, 0.031007999554276466, 0.03235200047492981, 0.03142400085926056, 0.030912000685930252, 0.03200000151991844, 0.031968001276254654, 0.03187200054526329, 0.03203200176358223, 0.031328000128269196, 0.03126399964094162, 0.030912000685930252, 0.030719999223947525, 0.03232000023126602, 0.030719999223947525, 0.03177599981427193, 0.03244800120592117, 0.031231999397277832, 0.030719999223947525, 0.030719999223947525]",Quadro RTX 4000,
jax,32,7,3,0.03284800052642822,ok,"[0.031488001346588135, 0.03302399814128876, 0.03276799991726875, 0.03308799862861633, 0.03286400064826012, 0.03276799991726875, 0.032896000891923904, 0.03276799991726875, 0.03440000116825104, 0.03276799991726875, 0.03315199911594391, 0.03324799984693527, 0.03308799862861633, 0.03276799991726875, 0.03276799991726875, 0.03283200040459633, 0.03276799991726875, 0.03276799991726875, 0.033215999603271484, 0.034015998244285583]",Quadro RTX 4000,
cuda,32,7,3,0.03667199984192848,ok,"[0.04975999891757965, 0.036448001861572266, 0.03654399886727333, 0.03580800071358681, 0.03686400130391121, 0.03686400130391121, 0.03654399886727333, 0.03686400130391121, 0.03686400130391121, 0.036896001547575, 0.036288000643253326, 0.03686400130391121, 0.03545600175857544, 0.03686400130391121, 0.03654399886727333, 0.036768000572919846, 0.03545600175857544, 0.03651199862360954, 0.03686400130391121, 0.03657599911093712]",Quadro RTX 4000,
pytorch,64,7,3,0.2433760017156601,ok,"[0.24432000517845154, 0.24342399835586548, 0.24371199309825897, 0.24374400079250336, 0.24316799640655518, 0.2425280064344406, 0.24278399348258972, 0.24303999543190002, 0.24393600225448608, 0.2430720031261444, 0.24358400702476501, 0.24220800399780273, 0.2436159998178482, 0.24380800127983093, 0.24374400079250336, 0.24371199309825897, 0.24294400215148926, 0.2433280050754547, 0.2428479939699173, 0.24249599874019623]",Quadro RTX 4000,
inductor,64,7,3,0.09414400160312653,ok,"[0.09833600372076035, 0.09440000355243683, 0.09292799979448318, 0.0942080020904541, 0.09366399794816971, 0.0942080020904541, 0.09372799843549728, 0.09279999881982803, 0.0942080020904541, 0.09391999989748001, 0.0926399976015091, 0.0942080020904541, 0.09532800316810608, 0.09408000111579895, 0.09308800101280212, 0.0942080020904541, 0.09388799965381622, 0.0942080020904541, 0.0942080020904541, 0.09408000111579895]",Quadro RTX 4000,
jax,64,7,3,0.09009600058197975,ok,"[0.08806400001049042, 0.09011200070381165, 0.09008000046014786, 0.09011200070381165, 0.09011200070381165, 0.09014400094747543, 0.08966399729251862, 0.08988799899816513, 0.09014400094747543, 0.09011200070381165, 0.08892799913883209, 0.09001599997282028, 0.0902400016784668, 0.08902399986982346, 0.08902399986982346, 0.09164799749851227, 0.09011200070381165, 0.09011200070381165, 0.08991999924182892, 0.08928000181913376]",Quadro RTX 4000,
cuda,64,7,3,0.08777599781751633,ok,"[0.0899519994854927, 0.08806400001049042, 0.08348800241947174, 0.08787199854850769, 0.08620800077915192, 0.08806400001049042, 0.08640000224113464, 0.08745600283145905, 0.08806400001049042, 0.08380799740552902, 0.08796799927949905, 0.0833280012011528, 0.08771199733018875, 0.08790399879217148, 0.08675199747085571, 0.08617600053548813, 0.08736000210046768, 0.08803199976682663, 0.08787199854850769, 0.0878399983048439]",Quadro RTX 4000,
pytorch,16,21,10,0.14910399913787842,ok,"[0.15132799744606018, 0.14963200688362122, 0.14918400347232819, 0.14796799421310425, 0.14803199470043182, 0.14825600385665894, 0.14828799664974213, 0.1493760049343109, 0.14924800395965576, 0.14902399480342865, 0.14950400590896606, 0.14921599626541138, 0.14851200580596924, 0.14819200336933136, 0.14745600521564484, 0.15059199929237366, 0.14950400590896606, 0.14876799285411835, 0.1499519944190979, 0.14895999431610107]",Quadro RTX 4000,
inductor,16,21,10,0.04614399932324886,ok,"[0.05135999992489815, 0.045791998505592346, 0.04694399982690811, 0.0459199994802475, 0.04662400111556053, 0.04543999955058098, 0.046879999339580536, 0.04543999955058098, 0.046431999653577805, 0.04569600149989128, 0.04505600035190582, 0.046911999583244324, 0.04524800181388855, 0.04646399989724159, 0.04585599899291992, 0.04623999819159508, 0.04710400104522705, 0.04646399989724159, 0.04604800045490265, 0.045152001082897186]",Quadro RTX 4000,
jax,16,21,10,0.053247999399900436,ok,"[0.0517439991235733, 0.053247999399900436, 0.053247999399900436, 0.05321599915623665, 0.053247999399900436, 0.05331199988722801, 0.053247999399900436, 0.05321599915623665, 0.05337600037455559, 0.053247999399900436, 0.053247999399900436, 0.053247999399900436, 0.05212799832224846, 0.053247999399900436, 0.053247999399900436, 0.05430399999022484, 0.05318399891257286, 0.053279999643564224, 0.053568001836538315, 0.053247999399900436]",Quadro RTX 4000,
cuda,16,21,10,0.23288000375032425,ok,"[0.24009600281715393, 0.23263999819755554, 0.23180800676345825, 0.23606400191783905, 0.2319359928369522, 0.23548799753189087, 0.2396160066127777, 0.236735999584198, 0.23683199286460876, 0.23680000007152557, 0.233024001121521, 0.2359679937362671, 0.23180800676345825, 0.23280000686645508, 0.23296000063419342, 0.23177599906921387, 0.2316800057888031, 0.2317119985818863, 0.23158399760723114, 0.2314240038394928]",Quadro RTX 4000,
pytorch,32,21,10,0.4936480075120926,ok,"[0.49619200825691223, 0.4954560101032257, 0.4941120147705078, 0.4941760003566742, 0.4938560128211975, 0.49318400025367737, 0.49161601066589355, 0.4938560128211975, 0.4923200011253357, 0.493151992559433, 0.4917120039463043, 0.49372801184654236, 0.495743989944458, 0.4944959878921509, 0.49347200989723206, 0.4935680031776428, 0.493120014667511, 0.4944640100002289, 0.49347200989723206, 0.4935680031776428]",Quadro RTX 4000,
inductor,32,21,10,0.16383999586105347,ok,"[0.16883200407028198, 0.1637440025806427, 0.16383999586105347, 0.16383999586105347, 0.16383999586105347, 0.16383999586105347, 0.16518400609493256, 0.1658879965543747, 0.1635199934244156, 0.16387200355529785, 0.16383999586105347, 0.16521599888801575, 0.1658879965543747, 0.16361600160598755, 0.16383999586105347, 0.16390399634838104, 0.1626559942960739, 0.16383999586105347, 0.16432000696659088, 0.16518400609493256]",Quadro RTX 4000,
jax,32,21,10,0.13595200330018997,ok,"[0.1351040005683899, 0.1366720050573349, 0.13516800105571747, 0.13603200018405914, 0.13711999356746674, 0.13516800105571747, 0.1372160017490387, 0.13715200126171112, 0.13523200154304504, 0.1358720064163208, 0.1356160044670105, 0.13699199259281158, 0.1372160017490387, 0.1364160031080246, 0.13516800105571747, 0.1353600025177002, 0.1366720050573349, 0.1348160058259964, 0.1372160017490387, 0.13523200154304504]",Quadro RTX 4000,
cuda,32,21,10,0.2457599937915802,ok,"[0.24937599897384644, 0.245728000998497, 0.24553599953651428, 0.2444480061531067, 0.2457599937915802, 0.24476799368858337, 0.24988800287246704, 0.2457599937915802, 0.2457599937915802, 0.24857600033283234, 0.245728000998497, 0.2457599937915802, 0.2497279942035675, 0.24585600197315216, 0.24540799856185913, 0.24556800723075867, 0.24985599517822266, 0.2441280037164688, 0.24764800071716309, 0.24432000517845154]",Quadro RTX 4000,
pytorch,64,21,10,1.8063360452651978,ok,"[1.8629120588302612, 1.8063360452651978, 1.802240014076233, 1.8099839687347412, 1.8041280508041382, 1.8053760528564453, 1.8063360452651978, 1.8051520586013794, 1.8045439720153809, 1.8106240034103394, 1.8063039779663086, 1.8067840337753296, 1.8036479949951172, 1.8057600259780884, 1.806879997253418, 1.8065600395202637, 1.8042559623718262, 1.8067840337753296, 1.8063360452651978, 1.8083839416503906]",Quadro RTX 4000,
inductor,64,21,10,0.6559840142726898,ok,"[0.7392640113830566, 0.6935999989509583, 0.6553599834442139, 0.6557120084762573, 0.6583999991416931, 0.6528319716453552, 0.6532800197601318, 0.6572800278663635, 0.6553599834442139, 0.6533120274543762, 0.6574079990386963, 0.6577280163764954, 0.6596159934997559, 0.655135989189148, 0.6554880142211914, 0.6574079990386963, 0.6562560200691223, 0.6536960005760193, 0.6564800143241882, 0.6552960276603699]",Quadro RTX 4000,
jax,64,21,10,0.6301279962062836,ok,"[0.6266239881515503, 0.6287360191345215, 0.6303039789199829, 0.6298239827156067, 0.6288319826126099, 0.6304320096969604, 0.6321920156478882, 0.6305919885635376, 0.6307839751243591, 0.6287360191345215, 0.6293119788169861, 0.6287360191345215, 0.6312959790229797, 0.6288639903068542, 0.630623996257782, 0.6299520134925842, 0.6309120059013367, 0.6287360191345215, 0.6318399906158447, 0.6320319771766663]",Quadro RTX 4000,
cuda,64,21,10,0.6954880058765411,ok,"[0.6963199973106384, 0.6905279755592346, 0.6950079798698425, 0.6963199973106384, 0.6928640007972717, 0.694271981716156, 0.6923519968986511, 0.6955199837684631, 0.6939520239830017, 0.6962239742279053, 0.6966400146484375, 0.6919999718666077, 0.6963199973106384, 0.6960960030555725, 0.6954560279846191, 0.697055995464325, 0.6963199973106384, 0.697983980178833, 0.6945599913597107, 0.6925119757652283]",Quadro RTX 4000,
